{"cameraMode":{"drawMode":0,"name":"Shaded","section":"Shading Mode"},"sceneLighting":true,"audioPlay":false,"sceneViewState":{"m_AlwaysRefresh":false,"showFog":true,"showSkybox":true,"showFlares":true,"showImageEffects":true,"showParticleSystems":true,"showVisualEffectGraphs":true,"m_FxEnabled":true},"in2DMode":false,"pivot":{"x":-12.881753921508789,"y":4.601907730102539,"z":-58.814353942871097},"rotation":{"x":-0.06865178793668747,"y":-0.2408887892961502,"z":0.01711307466030121,"w":-0.9679989814758301},"size":12.007314682006836,"orthographic":false}